sb_name,b_xelo_n,b_pppg_n,b_ppag_n,b_netrating_n,sos,current_hfa,league_current_ppg
Duke,2256.2427,84.427383,58.362778,26.064602,10.16713,98.897743,148.89412
Michigan,2231.342,89.092705,62.76609,26.326612,12.355568,77.951553,148.89412
Arizona,2210.7405,89.048782,63.394241,25.654535,11.405359,84.998245,148.89412
Florida,2173.1301,89.279442,64.798546,24.480898,10.894296,82.107864,148.89412
Iowa St.,2157.8574,82.927513,60.214439,22.713079,10.311934,97.515617,148.89412
Houston,2150.0466,79.915504,58.048073,21.867434,10.285088,107.33253,148.89412
Purdue,2105.748,85.83989,64.217468,21.622425,11.993295,117.42994,148.89412
St. John's,2077.3887,83.295319,63.046906,20.248419,9.0556746,40.214169,148.89412
Illinois,2077.3291,87.417389,66.441742,20.975641,10.396873,91.754471,148.89412
UConn,2048.7571,79.330299,60.677666,18.652636,9.0628157,69.364967,148.89412
Michigan St.,2032.8801,83.118896,64.331528,18.787363,10.817128,80.226952,148.89412
Gonzaga,2031.2236,82.719849,64.051804,18.668039,5.1066928,82.67881,148.89412
Virginia,2019.2024,81.543655,63.454025,18.089622,8.3318529,80.539162,148.89412
Vanderbilt,2001.3844,87.120842,68.737389,18.383457,10.153694,77.655914,148.89412
Louisville,2001.2523,85.600983,67.456512,18.144472,9.2634068,66.868858,148.89412
Arkansas,2000.0878,92.683136,73.495544,19.187599,10.709802,107.35954,148.89412
Wisconsin,1972.7933,87.769745,70.263779,17.505968,10.638083,97.46962,148.89412
Texas Tech,1972.3236,82.745827,65.99099,16.754841,11.544697,100.36584,148.89412
Tennessee,1970.4119,78.72081,62.623642,16.097166,10.333681,102.15292,148.89412
Nebraska,1970.3802,78.862595,62.745346,16.117252,8.9550533,84.353035,148.89412
Alabama,1964.2625,93.749245,75.689049,18.060196,11.921367,103.515,148.89412
UCLA,1963.2966,82.134567,65.765305,16.369257,9.635128,65.828987,148.89412
Ohio St.,1944.8229,82.912277,67.041855,15.870418,10.214018,90.460831,148.89412
Kentucky,1942.5708,83.388237,67.526756,15.861487,11.355037,74.291908,148.89412
Kansas,1940.976,80.00808,64.668022,15.340056,12.058302,85.887718,148.89412
Saint Mary's (CA),1938.2238,77.69426,62.764877,14.929379,3.5884233,61.6936,148.89412
BYU,1936.5476,87.910347,71.637001,16.27334,10.329499,109.41929,148.89412
North Carolina,1910.2263,83.02684,68.296463,14.730375,8.5319738,59.683861,148.89412
Iowa,1909.6945,78.015396,63.952332,14.063057,9.1436825,106.20278,148.89412
U Miami (FL),1887.3522,82.339302,68.464073,13.875228,6.2285376,33.628857,148.89412
TCU,1876.7333,80.644806,67.3293,13.315506,7.9964118,66.157211,148.89412
Georgia,1874.5582,88.202324,74.071266,14.131062,7.5787964,66.636505,148.89412
Oklahoma,1874.0448,83.361397,69.814232,13.547168,8.477766,106.33705,148.89412
Clemson,1871.2711,76.137238,63.538605,12.598634,8.2073431,99.596077,148.89412
Cincinnati,1868.0806,75.619232,63.18396,12.435265,8.5001383,101.12295,148.89412
Santa Clara,1867.1527,86.000595,72.384735,13.615855,3.2157693,28.967131,148.89412
Utah St.,1862.0286,82.518051,69.47757,13.040485,3.8236368,96.734116,148.89412
South Florida,1853.4399,84.594933,71.615227,12.979705,1.4899762,10.014518,148.89412
Villanova,1847.2764,79.410378,67.215111,12.195261,7.969378,72.455704,148.89412
Auburn,1845.5425,83.393517,70.818825,12.574692,11.502096,80.962212,148.89412
Texas A&M,1840.0824,85.591095,72.969284,12.621818,7.9225769,69.871185,148.89412
NC State,1835.8156,86.576035,74.000595,12.575435,8.6915913,72.206512,148.89412
Texas,1835.1207,83.61512,71.376167,12.238957,8.5928707,71.789948,148.89412
VCU,1833.8995,81.342773,69.386414,11.95636,2.8947239,79.822418,148.89412
Saint Louis,1824.2251,83.798607,71.918388,11.880219,0.56928849,76.456421,148.89412
SMU,1821.4882,83.686005,71.912415,11.773586,7.9251451,63.373188,148.89412
Baylor,1820.04,83.971764,72.219627,11.752131,8.9508123,59.578053,148.89412
Indiana,1812.9852,80.355415,69.209206,11.146207,9.7089872,106.6381,148.89412
Seton Hall,1812.4506,72.265182,61.956314,10.308876,7.4358029,51.435913,148.89412
Washington,1807.1869,80.024315,69.107002,10.917315,8.6222963,38.475441,148.89412
Missouri,1800.142,80.239464,69.539803,10.699661,8.3124933,96.678314,148.89412
San Diego St.,1794.8494,78.335922,67.996353,10.339565,5.1234798,57.151096,148.89412
Northwestern,1788.6989,76.448463,66.490852,9.9576082,9.3687172,29.893053,148.89412
Florida St.,1783.7443,83.32225,72.901413,10.420843,7.534472,74.679451,148.89412
UCF,1783.5944,84.23423,73.736626,10.49761,8.4834452,39.902065,148.89412
Northern Iowa,1771.2218,71.041191,62.141502,8.8996925,1.008321,66.308647,148.89412
New Mexico,1769.0261,81.296532,71.566978,9.729557,3.0214088,97.031387,148.89412
Ole Miss,1760.0995,78.854378,69.638496,9.2158785,9.7976007,81.249077,148.89412
Stanford,1759.0586,78.121719,69.002548,9.1191702,6.5134482,72.150589,148.89412
Virginia Tech,1750.6322,80.592667,71.558228,9.0344372,7.9341497,98.248352,148.89412
West Virginia,1742.3395,69.314003,61.46357,7.8504262,7.1295137,115.89026,148.89412
Georgetown,1740.2777,76.291061,67.950348,8.3407097,7.4813175,39.386063,148.89412
Grand Canyon,1739.7627,76.319092,67.993362,8.3257275,2.8523877,68.797752,148.89412
McNeese,1738.3672,76.484322,68.192314,8.2920065,-2.971772,78.333244,148.89412
Marquette,1737.1133,77.716362,69.371162,8.3451958,8.4064226,68.85186,148.89412
Akron,1736.073,81.589073,72.98391,8.6051693,-2.9882696,89.000671,148.89412
Boise St.,1731.1552,79.187088,70.933456,8.2536345,3.6174307,66.477837,148.89412
Minnesota,1729.3158,72.449989,64.765388,7.6846008,7.8542929,68.019928,148.89412
Arizona St.,1724.2864,79.188667,71.171272,8.0173988,9.9194212,58.516441,148.89412
Tulsa,1721.6825,82.642906,74.468651,8.1742573,-0.80662125,75.675339,148.89412
Wake Forest,1721.6776,80.708786,72.67244,8.0363436,8.0573864,75.088341,148.89412
Belmont,1719.2479,84.324287,76.118843,8.2054424,-0.36115283,67.766342,148.89412
Oklahoma St.,1718.4264,87.185867,78.811661,8.3742046,8.2493591,82.986641,148.89412
Providence,1717.3119,86.30394,78.031677,8.2722635,7.8283143,63.218166,148.89412
Dayton,1715.4749,73.592972,66.274033,7.3189378,3.8726346,84.247223,148.89412
High Point,1710.2207,82.010521,74.287331,7.7231941,-7.1267982,82.694572,148.89412
LSU,1709.6277,81.750443,74.065826,7.6846166,7.9280725,55.274384,148.89412
Creighton,1706.9722,78.045128,70.702766,7.3423548,8.3137884,75.710556,148.89412
California,1705.1008,79.441277,72.070061,7.3712111,4.6080189,34.823925,148.89412
Colorado,1704.8409,81.328018,73.840958,7.4870677,8.0809212,84.742706,148.89412
Hofstra,1703.6212,73.587852,66.658318,6.9295316,-2.074563,51.645943,148.89412
Wichita St.,1700.8794,76.371872,69.348389,7.023478,1.527634,69.819534,148.89412
Nevada,1700.1418,76.84819,69.818451,7.0297465,3.6537001,62.64423,148.89412
Yale,1695.6017,77.801781,70.865456,6.9363289,-2.3473735,63.705261,148.89412
Oregon,1683.8326,74.656311,68.314682,6.3416228,9.8152647,59.42403,148.89412
Colorado St.,1682.2073,75.490662,69.15329,6.3373785,2.3030732,57.467575,148.89412
USC,1680.2633,80.435455,73.872589,6.5628676,8.1547108,37.197823,148.89412
Pittsburgh,1676.0168,73.818741,67.787689,6.0310507,7.8734102,48.088795,148.89412
DePaul,1668.8813,71.099907,65.459618,5.6402912,5.4937191,19.613066,148.89412
Butler,1668.7367,80.18679,74.045708,6.1410899,7.2065654,71.847099,148.89412
Rutgers,1666.4856,77.045204,71.154488,5.8907094,8.5000343,50.738178,148.89412
George Washington,1657.97,80.165405,74.407196,5.7582021,1.4445541,80.977798,148.89412
Miami University (OH),1652.9951,83.432854,77.689781,5.7430658,-5.8515754,81.398888,148.89412
Illinois-Chicago,1651.1217,75.266098,69.99411,5.2719855,-0.62012744,49.236629,148.89412
Syracuse,1649.5306,78.39312,73.021492,5.3716249,7.6008172,56.240536,148.89412
Xavier,1642.0052,83.973579,78.608879,5.3646946,7.7486191,87.07074,148.89412
Saint Joseph's,1641.0868,74.000999,69.130119,4.8708797,-0.59878141,51.94685,148.89412
Utah Valley,1640.1127,77.569252,72.566032,5.0032167,-3.3242512,74.004486,148.89412
California Baptist,1637.8113,72.090157,67.417671,4.6724877,-1.6702163,59.348743,148.89412
George Mason,1633.6682,70.553192,66.087082,4.4661074,0.61192876,58.513454,148.89412
Illinois St.,1630.8167,74.190353,69.658081,4.5322752,0.76551753,85.893311,148.89412
UNLV,1630.4812,80.538361,75.744995,4.7933726,3.5361402,58.869736,148.89412
South Carolina,1629.9236,75.278816,70.729866,4.5489492,7.6467261,53.477459,148.89412
Bradley,1629.4064,79.571999,74.858055,4.7139463,1.1752276,101.48979,148.89412
Mississippi St.,1619.9663,80.042023,75.64679,4.3952279,9.3321447,75.458107,148.89412
UC Irvine,1619.6786,73.908966,69.766113,4.1428585,-2.8465998,57.20042,148.89412
Kansas St.,1619.1246,81.387299,76.970108,4.4171853,8.6503,76.034737,148.89412
UNC Wilmington,1618.186,73.718674,69.633957,4.0847106,-4.2524295,53.21706,148.89412
Maryland,1616.3844,73.458847,69.445297,4.013555,9.4660549,90.806229,148.89412
North Dakota St.,1615.3055,75.078339,71.039078,4.0392575,-6.2492814,60.909649,148.89412
Southern Illinois,1604.9336,71.456131,67.901077,3.5550606,0.91274226,58.963062,148.89412
Wyoming,1602.6349,75.540169,71.921455,3.618717,1.4097867,63.929535,148.89412
Notre Dame,1602.057,78.14193,74.455498,3.6864336,7.0166593,67.042183,148.89412
Hawaii,1593.4381,76.019058,72.704712,3.3143444,-4.2894897,14.597467,148.89412
St. Thomas,1589.8479,76.993454,73.775558,3.2178969,-7.019218,64.047981,148.89412
Stephen F. Austin,1585.7734,72.546967,69.600113,2.9468582,-4.5133677,67.53138,148.89412
Harvard,1585.5718,69.104759,66.264427,2.8403287,-1.4581798,2.6235747,148.89412
UAB,1576.3109,76.977737,74.238937,2.7388043,-0.21434094,78.304436,148.89412
Sam Houston,1573.4817,78.383461,75.710823,2.6726353,-2.55531,86.035408,148.89412
Davidson,1571.4402,70.285233,67.879532,2.4057038,0.43797955,72.912369,148.89412
Utah,1571.0743,75.435638,72.918976,2.5166576,8.6945715,105.46042,148.89412
Boston College,1570.0898,70.535904,68.169159,2.3667414,5.5198231,11.40561,148.89412
North Texas,1568.4958,70.613625,68.298271,2.3153496,-0.90643907,33.949787,148.89412
Duquesne,1568.4595,75.710205,73.278824,2.4313843,0.66815859,49.975605,148.89412
Penn,1568.3079,75.317993,72.900864,2.417136,-0.32338896,63.55928,148.89412
Seattle,1568.1044,68.721611,66.463234,2.2583721,-0.22969475,59.055023,148.89412
UT Rio Grande Valley,1568.0797,75.391701,72.980873,2.4108269,-3.6417053,34.700642,148.89412
Towson,1564.9388,69.030151,66.868729,2.1614182,-0.85296607,58.137661,148.89412
San Francisco,1564.22,75.516678,73.238388,2.2782865,2.0873222,37.200207,148.89412
Cornell,1563.7953,85.855309,83.375771,2.4795368,-1.9961423,47.504368,148.89412
Navy,1563.2657,71.116371,68.965126,2.1512451,-7.776794,42.552742,148.89412
Pacific,1561.1084,70.970863,68.895226,2.075633,-0.25169402,47.47559,148.89412
Florida Atlantic,1560.8354,76.421967,74.244202,2.1777678,0.46594897,44.33165,148.89412
St. Bonaventure,1559.1646,77.017342,74.887108,2.1302402,0.81327641,47.993015,148.89412
Liberty,1554.323,75.483421,73.553658,1.9297595,-3.1281068,59.677017,148.89412
UMBC,1553.1322,73.967209,72.106339,1.8608742,-8.9052267,23.46047,148.89412
Robert Morris,1549.308,72.48362,70.780205,1.7034212,-4.6883593,45.417679,148.89412
Troy,1547.6024,73.54747,71.885437,1.6620369,-3.9212201,56.476257,148.89412
Toledo,1545.7197,77.448135,75.791763,1.656371,-2.128732,84.951378,148.89412
Kennesaw St.,1542.6384,79.026627,77.458832,1.5678009,-3.7098851,56.806622,148.89412
Kent St.,1541.1951,79.329544,77.810333,1.5192102,-2.7243097,62.630302,148.89412
Fordham,1541.0802,68.785561,67.4161,1.3694587,-2.2443273,24.429401,148.89412
Valparaiso,1539.9098,73.071678,71.682823,1.3888551,0.93613076,58.107723,148.89412
Murray St.,1537.1616,81.451202,80.053894,1.3973019,1.1104612,80.627625,148.89412
College of Charleston,1537.0077,74.586212,73.27887,1.3073438,-1.5074548,48.616516,148.89412
Merrimack,1536.4807,68.925751,67.706909,1.2188412,-3.3405669,56.652702,148.89412
UC San Diego,1535.025,70.241211,69.054962,1.1862532,-3.7145369,57.745846,148.89412
Penn St.,1533.3743,76.59613,75.393997,1.2021309,7.8305283,77.530937,148.89412
Rhode Island,1532.6681,69.496231,68.397675,1.0985572,1.4097626,41.863247,148.89412
Wright St.,1531.7289,76.360092,75.219406,1.1406828,-4.1885586,79.03994,148.89412
Idaho,1530.4246,73.772575,72.704918,1.0676556,-4.8400035,45.758282,148.89412
Arkansas St.,1530.4102,80.139496,79.007904,1.1315987,-4.3843098,69.699005,148.89412
Monmouth,1529.8383,73.420036,72.376396,1.043641,-1.9434371,50.910374,148.89412
Oregon St.,1525.2845,72.887802,72.007294,0.88050181,2.4213266,41.786999,148.89412
Winthrop,1522.0247,78.281448,77.474274,0.80716872,-5.1275735,60.718506,148.89412
Tennessee St.,1520.6895,77.541672,76.788361,0.75331873,-8.1278715,47.464939,148.89412
Temple,1519.8271,72.430679,71.742661,0.68802482,-0.76790231,49.551556,148.89412
Memphis,1517.4774,76.768356,76.136154,0.6322062,4.5035911,80.768349,148.89412
Georgia Tech,1516.7316,76.69873,76.093811,0.60491312,5.4576621,44.516407,148.89412
Central Arkansas,1513.7771,76.594208,76.096344,0.49786383,-5.0739965,65.583824,148.89412
Louisiana Tech,1513.345,68.613586,68.167389,0.44620466,-4.0045857,68.869301,148.89412
Siena,1513.0829,70.578323,70.13205,0.44626987,-4.2931261,62.226406,148.89412
Northern Colorado,1510.7789,77.448639,77.055862,0.392782,-5.4540782,41.628307,148.89412
East Tennessee St.,1507.8064,73.071991,72.798859,0.27313888,-5.6104798,59.861885,148.89412
Fresno St.,1507.0797,73.277206,73.028976,0.24823327,1.8052958,49.421673,148.89412
Furman,1504.0151,72.542366,72.402504,0.13985544,-5.2960129,63.002266,148.89412
Richmond,1499.6243,74.509277,74.522629,-0.013347623,0.19378324,44.522217,148.89412
Washington St.,1498.4923,76.632668,76.687309,-0.054640118,1.889141,55.121758,148.89412
UC Santa Barbara,1498.3523,73.465897,73.523865,-0.057965484,-3.5571473,44.986256,148.89412
Western Kentucky,1497.9988,77.222549,77.295471,-0.072928041,-1.7834393,58.640163,148.89412
Campbell,1497.9537,77.560295,77.635094,-0.074802957,-1.1450081,53.901577,148.89412
Drake,1497.6949,74.984421,75.066696,-0.082279585,1.0752766,54.465992,148.89412
William & Mary,1497.2358,79.918045,80.021271,-0.10321932,-2.8488665,70.460846,148.89412
Bowling Green,1495.2349,73.064598,73.231667,-0.1670704,-4.3801103,60.005516,148.89412
Samford,1494.1001,76.745316,76.959518,-0.21420248,-4.3881226,44.348076,148.89412
Montana St.,1492.0596,73.381615,73.661018,-0.27940255,-4.7353115,65.340279,148.89412
Middle Tennessee,1490.73,74.669525,74.999817,-0.33029458,-1.3684424,72.93325,148.89412
Queens,1481.2017,81.185272,81.896988,-0.71171337,-4.2260842,62.106174,148.89412
UT Arlington,1479.277,67.586792,68.276413,-0.68961364,-3.0890028,30.631701,148.89412
Mercer,1478.2838,77.139168,77.932564,-0.79339063,-5.0995412,47.052849,148.89412
Austin Peay,1477.5775,75.779556,76.588623,-0.80907035,-6.0001101,73.824799,148.89412
Howard,1477.5039,73.163383,73.955254,-0.79186618,-11.235382,48.043278,148.89412
Loyola Marymount,1477.0066,71.525421,72.322052,-0.79662824,-0.18533809,17.696569,148.89412
Columbia,1472.1013,73.097542,74.079857,-0.98231804,-2.9395113,35.991714,148.89412
Portland St.,1469.3376,70.791405,71.84742,-1.0560169,-5.1263089,65.690849,148.89412
Charlotte,1468.3832,72.778702,73.889206,-1.1105088,0.071918912,49.803646,148.89412
A&M-Corpus Christi,1468.1245,69.751175,70.837814,-1.0866401,-5.0701165,56.745239,148.89412
Cal State Northridge,1466.4054,79.739304,80.99823,-1.2589256,-3.1187813,43.875061,148.89412
South Alabama,1463.1583,72.004066,73.289528,-1.2854569,-5.2197809,45.226097,148.89412
New Mexico St.,1462.5513,72.980347,74.299576,-1.3192248,-2.9704635,57.812618,148.89412
Northern Kentucky,1461.6282,77.676201,79.088905,-1.4127045,-5.2386065,63.702435,148.89412
Appalachian St.,1461.619,67.893181,69.178413,-1.2852337,-5.4604335,77.45742,148.89412
Indiana St.,1461.4882,73.736473,75.103279,-1.3668085,0.41196677,73.782646,148.89412
James Madison,1458.0491,73.748703,75.238602,-1.4899035,-3.7058136,45.445156,148.89412
Jacksonville St.,1456.9806,70.157951,71.633324,-1.4753771,-3.9735479,38.795208,148.89412
UC Davis,1454.9211,73.258598,74.852943,-1.5943396,-3.3543,43.022938,148.89412
Oakland,1454.8555,78.763603,80.443932,-1.6803323,-1.1599211,38.226635,148.89412
FIU,1453.3196,76.93811,78.647552,-1.7094376,-2.7490222,30.892384,148.89412
Marist,1451.9795,66.882294,68.47612,-1.5938224,-4.973361,45.346592,148.89412
Eastern Washington,1450.0184,75.899239,77.713127,-1.8138827,-2.3559773,65.238327,148.89412
Western Carolina,1447.401,74.872887,76.764381,-1.8914909,-3.7075958,78.588448,148.89412
Missouri St.,1444.2504,72.744392,74.709953,-1.9655602,-2.9099782,68.710487,148.89412
UMass (Amherst),1443.0983,77.326439,79.421181,-2.0947373,-2.8195741,49.493294,148.89412
Cal State Fullerton,1440.0001,77.537132,79.75132,-2.2141821,-2.984045,42.416286,148.89412
Southern Miss,1436.6627,73.935295,76.196938,-2.2616484,-3.9234717,62.235077,148.89412
Tulane,1432.6807,72.566116,74.940186,-2.3740649,0.32468569,26.775398,148.89412
Rice,1432.5509,72.553291,74.931694,-2.378396,-1.5677478,9.3543673,148.89412
Detroit Mercy,1432.1252,73.452187,75.86657,-2.4143865,-3.6753256,73.938515,148.89412
Cal Poly,1429.5188,81.773903,84.479012,-2.7051096,-1.8699559,38.396927,148.89412
Georgia Southern,1429.2623,78.139236,80.768661,-2.6294284,-4.4615588,66.269005,148.89412
Quinnipiac,1429.2355,73.611816,76.134079,-2.5222652,-4.0674458,43.631477,148.89412
Utah Tech,1427.8701,75.786499,78.411209,-2.6247156,-3.0423951,61.637589,148.89412
Drexel,1425.8846,66.352119,68.809517,-2.4574039,-3.2308176,64.799011,148.89412
LIU,1424.1088,71.543213,74.196899,-2.6536913,-5.968039,67.680084,148.89412
San Jose St.,1422.5544,75.101357,77.904076,-2.8027241,2.500541,11.91308,148.89412
Lipscomb,1421.0286,73.216881,76.024971,-2.8080885,-5.6713595,54.239475,148.89412
Vermont,1417.0468,68.66069,71.482254,-2.821558,-7.0919256,62.16238,148.89412
Marshall,1416.1239,78.050148,81.17231,-3.122169,-4.6320853,90.53495,148.89412
Texas St.,1415.3453,71.278366,74.235245,-2.9568729,-5.2768383,53.975506,148.89412
Southeast Missouri St.,1411.4125,70.158142,73.220261,-3.0621216,-7.1659904,37.240196,148.89412
Loyola Chicago,1407.3969,69.618309,72.804161,-3.1858501,2.4627142,47.310207,148.89412
Fairfield,1407.0396,71.141106,74.388344,-3.2472315,-5.7750101,31.781116,148.89412
Youngstown St.,1403.5024,71.222656,74.598206,-3.3755498,-5.6027045,45.385468,148.89412
Green Bay,1402.694,71.01535,74.412704,-3.3973589,-3.8331046,62.06229,148.89412
New Orleans,1401.6776,74.835724,78.39772,-3.5619936,-1.2900711,49.327831,148.89412
Montana,1393.4059,72.99678,76.796982,-3.8002,-3.8817029,76.843651,148.89412
Saint Peter's,1392.3781,67.96463,71.614868,-3.6502419,-5.2785902,42.673061,148.89412
Buffalo,1392.1975,73.944412,77.82341,-3.8789961,-3.8234372,42.510788,148.89412
Portland,1392.1555,72.29744,76.117172,-3.8197353,-0.61641163,8.1500216,148.89412
Boston University,1391.808,72.304039,76.136559,-3.8325198,-5.9353156,30.268988,148.89412
La Salle,1391.613,70.524139,74.297226,-3.7730844,2.5735979,39.83313,148.89412
Stony Brook,1389.6069,70.990158,74.852188,-3.8620286,-3.0410008,55.637707,148.89412
East Carolina,1386.7161,73.653786,77.722588,-4.0688019,-0.80719984,25.646441,148.89412
Weber St.,1385.4369,75.603539,79.79528,-4.1917386,-4.3539376,99.523895,148.89412
Wofford,1382.9985,75.105675,79.368599,-4.2629309,-5.4276586,68.256485,148.89412
Radford,1382.9757,76.27256,80.582695,-4.3101387,-5.9476404,53.202023,148.89412
Longwood,1379.7513,74.022865,78.362129,-4.3392687,-7.267364,60.083199,148.89412
South Dakota St.,1376.1689,70.873329,75.210548,-4.3372135,-5.2113314,74.117859,148.89412
Coastal Carolina,1375.0155,70.306549,74.660507,-4.3539591,-4.2623053,69.370537,148.89412
Princeton,1372.9326,66.948875,71.22805,-4.279181,-0.64400154,78.997467,148.89412
Ohio,1371.1705,75.251335,79.961067,-4.7097325,-2.1791759,97.604347,148.89412
Iona,1370.8114,71.70845,76.27478,-4.5663242,-4.46977,54.721012,148.89412
Dartmouth,1367.6947,73.598328,78.363297,-4.7649617,-2.7004921,33.82399,148.89412
Elon,1367.4028,72.757217,77.494659,-4.7374449,-2.2039101,42.512825,148.89412
SIU Edwardsville,1366.3146,65.455353,69.892181,-4.436832,-9.2103901,48.519398,148.89412
Mount St. Mary's (MD),1365.908,67.368446,71.909554,-4.5411034,-4.8828321,45.89407,148.89412
Florida Gulf Coast,1365.8187,70.311989,74.994041,-4.6820483,-4.7304239,53.411041,148.89412
Brown,1364.8513,68.165741,72.78125,-4.6155148,-3.2157493,24.760714,148.89412
UT Martin,1363.5437,63.681297,68.126228,-4.4449306,-8.118865,55.315483,148.89412
Charleston Southern,1362.2247,77.512589,82.662796,-5.1502028,-6.8581553,67.887093,148.89412
Old Dominion,1361.3347,74.349724,79.38485,-5.035131,-3.3972604,71.908371,148.89412
San Diego,1360.3187,73.640633,78.679634,-5.0389962,-0.45880166,24.453524,148.89412
Purdue Fort Wayne,1359.9811,71.689285,76.646759,-4.9574666,-4.5339265,68.829903,148.89412
Nicholls St.,1359.1366,71.208931,76.173637,-4.9647055,-2.7643819,63.161316,148.89412
American,1356.8617,69.723495,74.696564,-4.9730754,-5.856153,48.353065,148.89412
Presbyterian,1352.5121,68.905495,73.991493,-5.0859923,-5.9354634,61.34763,148.89412
UNC Asheville,1352.0583,69.143562,74.257912,-5.1143441,-4.9835763,67.487488,148.89412
Colgate,1352.036,73.757439,79.108742,-5.3513074,-5.2725668,52.081272,148.89412
Omaha,1349.5068,70.783119,76.07386,-5.2907376,-5.8061171,53.51125,148.89412
UTEP,1348.9896,68.478218,73.666313,-5.1880922,-2.2147954,48.308434,148.89412
UNC Greensboro,1348.9821,75.281105,80.824455,-5.5433455,-4.5825534,55.842697,148.89412
Milwaukee,1346.9401,72.082855,77.53508,-5.4522319,-2.0333686,38.38229,148.89412
Central Michigan,1346.559,71.617859,77.059372,-5.4415097,-3.2695892,53.511566,148.89412
Ball St.,1340.5165,65.314384,70.623695,-5.3093128,-4.705708,56.277729,148.89412
Lehigh,1339.4188,71.51796,77.214157,-5.6962047,-6.3984909,40.308193,148.89412
Denver,1339.3158,76.650177,82.633041,-5.9828601,-4.8270445,68.225586,148.89412
North Dakota,1336.7822,72.155388,77.983757,-5.8283691,-5.0706286,61.034401,148.89412
Southern Utah,1335.3768,74.973953,81.013458,-6.0395117,-2.9802203,59.775124,148.89412
Abilene Christian,1335.2742,69.058723,74.765129,-5.7064066,-3.2884858,65.719582,148.89412
Hampton,1334.8628,69.066895,74.788437,-5.7215419,-3.6919501,53.123741,148.89412
Sacred Heart,1332.7064,74.230202,80.327858,-6.0976558,-4.8782687,48.596512,148.89412
Eastern Michigan,1330.8945,68.038277,73.84037,-5.8020983,-1.7301384,51.457363,148.89412
Long Beach St.,1329.5992,72.44931,78.559052,-6.1097364,-2.7154784,52.704235,148.89412
Tarleton St.,1327.4824,70.66729,76.748619,-6.0813227,-4.6663966,57.557922,148.89412
Chattanooga,1327.2815,73.466591,79.722496,-6.2559114,-6.1278291,73.306618,148.89412
Lindenwood,1322.4695,72.018105,78.364845,-6.3467383,-8.7782393,61.43161,148.89412
Bellarmine,1320.5197,76.372665,83.059799,-6.6871405,-4.7345657,54.623528,148.89412
Bethune-Cookman,1319.2372,71.481552,77.913834,-6.4322844,-7.1072006,44.478634,148.89412
Morehead St.,1314.2793,70.510124,77.061745,-6.5516276,-7.7229424,78.468651,148.89412
Pepperdine,1313.6746,73.945763,80.741112,-6.7953439,-0.75487542,13.15528,148.89412
Incarnate Word,1311.356,70.810867,77.488785,-6.6779165,-4.9497833,37.569916,148.89412
UC Riverside,1310.781,71.934128,78.706924,-6.7728043,-2.4145696,55.327568,148.89412
Northeastern,1309.1586,75.026733,82.06308,-7.0363441,-0.96658432,30.671776,148.89412
Mercyhurst,1308.9506,68.107811,74.692848,-6.5850391,-8.6818829,64.04966,148.89412
Western Michigan,1305.5905,72.232971,79.217972,-6.9850068,-2.9289277,53.489063,148.89412
Jacksonville,1299.4069,67.329178,74.199661,-6.8704767,-5.9795108,35.822746,148.89412
Lamar,1294.5898,65.947723,72.888474,-6.9407573,-4.6012106,85.805405,148.89412
South Dakota,1293.4248,73.193542,80.700058,-7.5065231,-6.3036876,63.499531,148.89412
Delaware,1293.3499,69.148773,76.366852,-7.21808,-2.18681,33.795605,148.89412
Central Connecticut,1289.0737,68.659866,75.996567,-7.3367066,-8.3992138,39.574753,148.89412
Northwestern St.,1287.3195,64.819374,71.929405,-7.1100349,-3.482986,41.777306,148.89412
North Carolina A&T,1285.2615,72.415924,80.172226,-7.7563081,-3.8068144,72.154762,148.89412
Idaho St.,1282.8623,71.193947,78.947853,-7.7539015,-4.6398697,60.385643,148.89412
Southern,1278.8926,72.701591,80.718712,-8.0171165,-8.4061003,79.552025,148.89412
UMass Lowell,1275.8004,72.241341,80.339088,-8.0977507,-7.4513216,59.360123,148.89412
Evansville,1272.7026,69.351746,77.336121,-7.9843683,2.1156349,71.934639,148.89412
West Georgia,1272.1195,70.802246,78.923843,-8.1215982,-6.1147361,58.721302,148.89412
Wagner,1269.5762,66.967056,74.871445,-7.9043808,-8.6149101,43.056393,148.89412
SE Louisiana,1267.0354,65.464661,73.335022,-7.8703547,-2.712878,46.787399,148.89412
Prairie View A&M,1266.9824,69.613045,77.828011,-8.214963,-10.76947,59.085884,148.89412
Albany,1263.731,68.406639,76.640511,-8.2338705,-7.0547709,37.197033,148.89412
Sacramento St.,1261.3588,73.211311,81.932808,-8.7215033,-4.0553212,43.517941,148.89412
Eastern Kentucky,1261.2664,74.890556,83.75425,-8.863698,-5.2361097,72.392281,148.89412
Loyola Maryland,1253.3175,72.543556,81.514259,-8.9706984,-7.0613523,31.566936,148.89412
Louisiana (Lafayette),1251.9487,64.696259,73.030548,-8.3342886,-2.7816691,57.997307,148.89412
South Carolina Upstate,1251.4746,67.887527,76.521622,-8.6340923,-6.7147946,47.074516,148.89412
Stetson,1249.6467,70.359451,79.278244,-8.9187994,-5.4554543,33.229881,148.89412
Houston Christian,1246.1268,64.96962,73.533401,-8.5637836,-4.6422834,64.344482,148.89412
Le Moyne,1243.9932,70.702187,79.862267,-9.1600761,-7.4490514,61.010216,148.89412
Oral Roberts,1241.1644,69.460205,78.612976,-9.1527786,-5.4253116,62.021233,148.89412
Little Rock,1241.0128,68.101189,77.135078,-9.0338955,-6.7312984,58.551144,148.89412
Tennessee Tech,1236.4396,68.546082,77.788528,-9.2424479,-8.0309925,75.985428,148.89412
Georgia St.,1234.0925,68.770409,78.120171,-9.3497562,-4.4058294,50.205715,148.89412
New Haven,1231.9209,62.776985,71.630531,-8.8535461,-7.8649821,58.858078,148.89412
Cleveland St.,1228.9998,75.841148,86.048088,-10.206942,-4.0113196,53.807243,148.89412
Norfolk St.,1228.0057,71.683472,81.536591,-9.853117,-10.752446,72.149231,148.89412
IU Indy,1224.6743,76.652191,87.10675,-10.454557,-5.2303548,36.810295,148.89412
East Texas A&M,1223.9473,67.425583,77.017609,-9.5920248,-4.0183969,55.816685,148.89412
Manhattan,1220.1859,71.509705,81.642944,-10.133243,-5.8648868,38.265053,148.89412
Stonehill,1215.9777,63.445267,72.921585,-9.4763203,-7.7519131,60.557045,148.89412
Eastern Illinois,1215.9191,65.050919,74.694244,-9.6433191,-6.8900957,38.319988,148.89412
Florida A&M,1203.4359,66.348351,76.576515,-10.22816,-9.4828548,52.498474,148.89412
UTSA,1201.9341,70.073792,80.751831,-10.678046,-0.34707433,31.259346,148.89412
Texas Southern,1200.5457,69.463318,80.129059,-10.665738,-8.8701372,66.54911,148.89412
Lafayette,1196.4561,67.094803,77.65802,-10.563215,-5.9827189,43.155811,148.89412
Northern Arizona,1194.4508,66.597237,77.179573,-10.582342,-4.4281774,50.447544,148.89412
Grambling,1191.0104,63.434776,73.789818,-10.355045,-10.113141,38.196747,148.89412
Holy Cross,1186.5936,66.224281,77.052071,-10.827785,-6.2548132,36.829231,148.89412
The Citadel,1181.1508,68.139099,79.384476,-11.245375,-6.070919,17.696375,148.89412
Fairleigh Dickinson,1178.0549,64.010963,74.893166,-10.882196,-8.5028811,33.612526,148.89412
NJIT,1177.9716,65.024551,76.028091,-11.003532,-6.2866268,53.012642,148.89412
North Florida,1175.6982,75.068192,87.308731,-12.24054,-4.2001386,52.304344,148.89412
Alabama A&M,1170.3699,67.555542,79.134735,-11.579188,-10.706272,68.668541,148.89412
Bucknell,1168.717,66.58017,78.104889,-11.524714,-4.1455212,63.272709,148.89412
Arkansas-Pine Bluff,1167.8799,70.255035,82.246323,-11.991283,-8.9725523,48.28529,148.89412
Niagara,1165.0365,62.995747,74.220779,-11.225028,-6.2531571,46.065708,148.89412
Alabama St.,1159.7764,67.439232,79.399071,-11.959832,-7.7988362,52.575771,148.89412
North Alabama,1157.5133,65.414581,77.208984,-11.7944,-5.4861336,56.558891,148.89412
Maine,1154.4044,60.843086,72.173241,-11.330152,-7.215838,31.972263,148.89412
Army,1149.6257,67.932846,80.334,-12.401155,-7.2011909,20.666088,148.89412
Canisius,1144.0209,62.148861,74.013428,-11.864568,-5.4336686,43.453426,148.89412
Chicago St.,1141.5504,65.042252,77.373688,-12.331441,-4.7941046,41.537109,148.89412
Cal State Bakersfield,1137.6479,70.835182,84.063026,-13.22785,-3.4705868,50.651382,148.89412
Morgan St.,1131.2195,71.538246,85.108055,-13.569804,-11.091959,70.792473,148.89412
Southern Indiana,1129.7263,65.119698,77.895729,-12.776032,-7.548954,51.275444,148.89412
New Hampshire,1127.2368,66.817764,79.914795,-13.097024,-6.9230304,30.403948,148.89412
Bryant,1126.0583,64.908897,77.79142,-12.882522,-6.4871302,63.43977,148.89412
Northern Illinois,1123.8978,65.037361,78.016991,-12.979632,-3.4510033,37.999783,148.89412
North Carolina Central,1113.0563,67.376602,81.084778,-13.70818,-10.500919,93.233513,148.89412
Saint Francis (PA),1100.9783,70.495125,85.108498,-14.613379,-6.5090613,50.772289,148.89412
Binghamton,1095.5339,66.083717,80.268608,-14.184895,-9.1319656,44.193684,148.89412
Jackson St.,1089.0592,68.909912,83.75853,-14.848615,-6.2737932,53.489986,148.89412
South Carolina St.,1088.2598,65.603241,79.990356,-14.387111,-8.268259,54.857037,148.89412
Air Force,1077.9585,63.828804,78.329399,-14.500592,2.5012949,13.94449,148.89412
Rider,1077.7939,64.163979,78.722633,-14.558661,-3.7391055,47.87619,148.89412
Louisiana Monroe,1067.379,70.668747,86.634888,-15.966135,-5.2092032,66.496735,148.89412
VMI,1062.4916,66.570877,82.084732,-15.513851,-5.9109139,53.743275,148.89412
MD Eastern Shore,1056.0966,61.170845,76.046654,-14.875812,-8.8562202,52.640987,148.89412
Gardner-Webb,1028.2546,65.978447,82.708839,-16.730394,-4.0149879,41.357254,148.89412
Alcorn St.,1025.8439,62.996174,79.298355,-16.302177,-6.6358128,87.871445,148.89412
Coppin St.,1003.9718,63.71656,80.972816,-17.256256,-6.5776582,43.116581,148.89412
Kansas City,955.67877,64.186028,83.38813,-19.202106,-5.9030161,36.966675,148.89412
Delaware St.,950.81458,57.383247,75.362099,-17.978855,-11.801667,51.198528,148.89412
Western Illinois,924.63129,62.172287,82.153152,-19.980869,-7.9728804,36.855297,148.89412
Mississippi Valley St.,800.22174,59.446072,83.594406,-24.14834,-8.7038403,73.631721,148.89412